Designator,Val,Package,Mid X,Mid Y,Rotation,Layer
C1,10u,C_0805_2012Metric,60.1,-88.95,0.0,top
C2,10u,C_0805_2012Metric,66.6,-96.75,90.0,top
C3,10u,C_0805_2012Metric,88.85,-99.825,90.0,top
C4,2u2,C_0603_1608Metric,85.5,-100.125,-90.0,top
C5,2u2,C_0603_1608Metric,88.65,-96.55,90.0,top
C6,10u,C_0805_2012Metric,85.25,-96.875,-90.0,top
C7,10u,C_0805_2012Metric,80.75,-98.95,-90.0,top
C8,10u,C_0805_2012Metric,75.65,-98.95,-90.0,top
C9,2u2,C_0603_1608Metric,98.51,-93.21,-90.0,top
C10,2u2,C_0603_1608Metric,96.91,-93.21,-90.0,top
C11,2u2,C_0603_1608Metric,101.335,-99.86,0.0,top
C12,10u,C_0805_2012Metric,109.91,-87.01,90.0,top
C13,2u2,C_0603_1608Metric,108.11,-87.21,-90.0,top
C14,2u2,C_0603_1608Metric,92.21,-88.935,180.0,top
C15,2u2,C_0603_1608Metric,105.725,-77.175,-90.0,top
C16,2u2,C_0603_1608Metric,103.96,-99.16,-90.0,top
C17,3n3,C_0603_1608Metric,103.96,-96.085,-90.0,top
C18,2u2,C_0603_1608Metric,94.01,-87.335,0.0,top
C19,3n3,C_0603_1608Metric,88.05,-92.91,90.0,top
C20,10u,C_0805_2012Metric,109.185,-74.965,180.0,top
C21,2u2,C_0603_1608Metric,109.285,-76.765,0.0,top
C22,100n,C_0603_1608Metric,115.885,-76.75,0.0,top
C23,100n,C_0603_1608Metric,122.8,-72.3,90.0,top
C24,2u2,C_0603_1608Metric,122.085,-78.365,180.0,top
C25,2u2,C_0603_1608Metric,119.785,-75.965,-90.0,top
C26,2u2,C_0603_1608Metric,122.46,-91.265,0.0,top
C27,2u2,C_0603_1608Metric,118.46,-88.865,180.0,top
C28,100n,C_0603_1608Metric_Pad1.08x0.95mm_HandSolder,72.3,-93.8,0.0,top
C29,2u2,C_0603_1608Metric,78.7,-93.9,0.0,top
C30,10u,C_0805_2012Metric,68.5,-59.8,90.0,bottom
C31,10u,C_0805_2012Metric,64.4,-59.8,90.0,top
C32,10u,C_0805_2012Metric,66.4,-59.8,90.0,top
C33,10u,C_0805_2012Metric,92.5,-58.05,-90.0,top
C34,100n,C_0603_1608Metric_Pad1.08x0.95mm_HandSolder,101.7,-58.8,180.0,bottom
C35,100n,C_0603_1608Metric_Pad1.08x0.95mm_HandSolder,53.7,-66.95,90.0,top
D1,RED,LED_0603_1608Metric,54.85,-92.65,90.0,top
D2,RED,LED_0603_1608Metric,53.3,-92.65,90.0,top
D3,RED,LED_0603_1608Metric,76.5,-79.95,180.0,top
D4,RED,LED_0603_1608Metric,65.9,-82.0,180.0,top
FB1,FerriteBead_Small,L_0805_2012Metric,56.05,-87.05,180.0,top
J1,USB_A,USB1040GFLB,60.3,-71.3,-90.0,top
J2,Conn_02x02_Odd_Even,PinHeader_2x02_P2.54mm_Vertical,92.425,-81.125,0.0,bottom
J3,Conn_01x10,PinHeader_1x06_P2.54mm_Vertical,91.4,-73.55,90.0,top
J4,Micro_SD_Card_Det,microSD_HC_Molex_104031-0811,100.4,-64.3,0.0,top
L1,L_Small,L_0603_1608Metric,87.05,-98.225,90.0,top
L2,L_Small,L_0603_1608Metric,78.2,-97.95,180.0,top
Q1,Q_PJFET_DSG,SOT-23,129.385,-75.465,180.0,top
R1,56k,R_0603_1608Metric,105.46,-99.16,90.0,top
R2,56k,R_0603_1608Metric,94.91,-89.735,-90.0,top
R3,1Meg,R_0603_1608Metric,105.46,-96.06,-90.0,top
R4,1Meg,R_0603_1608Metric,89.61,-92.91,90.0,top
R5,1Meg,R_0603_1608Metric,132.185,-76.265,90.0,top
R6,10k,R_0603_1608Metric,121.25,-72.3,-90.0,top
R7,10k,R_0603_1608Metric,124.35,-72.3,90.0,top
R8,10,R_0603_1608Metric,118.185,-75.965,90.0,top
R9,10,R_0603_1608Metric,114.4,-81.1,90.0,top
R10,10k,R_0603_1608Metric,126.485,-75.565,-90.0,top
R11,1k,R_0603_1608Metric,118.46,-90.365,180.0,top
R12,1k,R_0603_1608Metric,118.46,-87.365,180.0,top
R13,1k,R_0603_1608Metric,118.46,-85.865,180.0,top
R14,10k,R_0603_1608Metric_Pad0.98x0.95mm_HandSolder,72.3,-95.35,0.0,top
R15,10k,R_0603_1608Metric_Pad0.98x0.95mm_HandSolder,78.7,-95.5,180.0,top
R16,DNP,R_0603_1608Metric_Pad0.98x0.95mm_HandSolder,65.4,-67.19,0.0,top
R17,10k,R_0603_1608Metric_Pad0.98x0.95mm_HandSolder,65.4,-65.7,0.0,top
R18,10k,R_0603_1608Metric_Pad0.98x0.95mm_HandSolder,65.4,-62.7,0.0,top
R19,DNP,R_0603_1608Metric_Pad0.98x0.95mm_HandSolder,65.4,-64.2,0.0,top
R20,10k,R_0402_1005Metric,90.9,-65.4,0.0,top
R21,10k,R_0402_1005Metric,90.9,-66.6,0.0,top
R22,10k,R_0402_1005Metric,90.9,-60.3,0.0,top
R23,10k,R_0402_1005Metric,90.9,-61.6,0.0,top
R24,10k,R_0402_1005Metric,90.9,-62.8,0.0,top
R25,10k,R_0402_1005Metric,90.9,-64.1,0.0,top
R26,10k,R_0402_1005Metric,90.9,-67.9,0.0,top
R27,10,R_0402_1005Metric,88.71,-65.4,180.0,top
R28,10,R_0402_1005Metric,88.71,-66.6,180.0,top
R29,10,R_0402_1005Metric,88.71,-60.3,180.0,top
R30,10,R_0402_1005Metric,88.71,-61.59,180.0,top
R31,10,R_0402_1005Metric,88.71,-62.8,180.0,top
R32,10,R_0402_1005Metric,88.71,-64.1,180.0,top
R33,1K5,R_0603_1608Metric,54.87,-89.6,-90.0,top
R34,1k,R_0603_1608Metric,53.31,-89.6,-90.0,top
R35,1k,R_0603_1608Metric,73.45,-79.95,0.0,top
R36,10k,R_0603_1608Metric_Pad0.98x0.95mm_HandSolder,85.8,-81.95,180.0,top
R37,10k,R_0603_1608Metric_Pad0.98x0.95mm_HandSolder,85.8,-80.41,180.0,top
R38,1k,R_0603_1608Metric,65.9,-79.95,180.0,top
R39,10k,R_0603_1608Metric_Pad0.98x0.95mm_HandSolder,63.5,-69.95,-90.0,top
RG1,gain,R_0603_1608Metric,115.885,-73.65,0.0,top
RG2,gain,R_0603_1608Metric,115.885,-75.2,0.0,top
SW1,MCU_RESET,PTS526SK15SMTR2LFS,72.4,-88.45,-90.0,top
SW2,MCU_RESET,PTS526SK15SMTR2LFS,79.7,-88.5,-90.0,top
SW3,MCU_RESET,PTS526SK15SMTR2LFS,56.75,-61.35,180.0,top
U1,AMS1117-3.3,SOT-223-3_TabPin2,61.5,-94.6,-90.0,top
U2,SRV05-4,SOT-23-6,64.5,-74.8375,90.0,top
U3,USEQGCDACH4100,KEMET-4-PIN-GAS-SENSOR,97.835,-93.01,270.0,bottom
U4,TSV991ILT,SOT-23-5_HandSoldering,101.26,-96.56,-90.0,top
U5,MCP3422,SOIC-8_3.9x4.9mm_P1.27mm,103.61,-88.81,180.0,top
U6,TSV991ILT,SOT-23-5_HandSoldering,92.31,-92.235,90.0,top
U7,BME280,Bosch_LGA-8_2.5x2.5mm_P0.65mm_ClockwisePinNumbering,105.675,-78.375,270.0,bottom
U8,MCP3422,SOIC-8_3.9x4.9mm_P1.27mm,110.785,-81.265,-90.0,top
U9,EC4-1000-H2,EC4-3pin,122.785,-75.165,225.0,bottom
U10,TSV991ILT,SOT-23-5_HandSoldering,118.185,-79.365,0.0,top
U11,TSV991ILT,SOT-23-5_HandSoldering,122.985,-75.665,180.0,top
U12,TSV991ILT,SOT-23-5_HandSoldering,121.76,-88.065,-90.0,top
U13,LM4040DBZ-2.0,SOT-23,114.96,-86.665,180.0,top
U14,ESP32-S3-WROOM-1,ESP32-S3-WROOM-1,77.3,-67.32,0.0,top
